avail,pages,size_mb,page_health,pages,size_mb,pct_of_table,,,,
0,2165,16.91,1-FULL: Fully Packed (0 bytes free),2165,16.91,1,,,,
32,111,0.87,2-MINOR: Minor Gaps (1-1024 bytes),22909,178.98,10.57,,,,
64,545,4.26,3-MODERATE: Moderate Holes (1-2 KB free),15902,124.23,7.34,,,,
96,3929,30.7,4-HEAVY: Heavy Damage (2-4 KB free),44867,350.52,20.71,,,,
128,7950,62.11,5-SEVERE: Severely Empty (4-6 KB free),126712,989.94,58.48,,,,
160,1713,13.38,6-NEAR_EMPTY: Near Empty Pages (6-8 KB free),4134,32.3,1.91,,,,
192,8,0.06,,,,,,,,
224,5,0.04,total_pages,total_size_mb,fully_packed,minor_to_moderate,heavy_damage,more_than_half_empty,pct_fully_packed,pct_half_empty
256,72,0.56,216689,1692.88,2165,38811,44867,130846,1,60.38
288,205,1.6,,,,,,,,
320,189,1.48,,,,,,,,
352,56,0.44,,,,,,,,
384,6,0.05,,,,,,,,
416,70,0.55,,,,,,,,
448,403,3.15,,,,,,,,
480,502,3.92,,,,,,,,
512,189,1.48,,,,,,,,
544,9,0.07,,,,,,,,
576,59,0.46,,,,,,,,
608,474,3.7,,,,,,,,
640,947,7.4,,,,,,,,
672,468,3.66,,,,,,,,
704,30,0.23,,,,,,,,
736,25,0.2,,,,,,,,
768,346,2.7,,,,,,,,
800,1121,8.76,,,,,,,,
832,788,6.16,,,,,,,,
864,98,0.77,,,,,,,,
896,14,0.11,,,,,,,,
928,187,1.46,,,,,,,,
960,952,7.44,,,,,,,,
992,1179,9.21,,,,,,,,
1024,259,2.02,,,,,,,,
1056,5,0.04,,,,,,,,
1088,69,0.54,,,,,,,,
1120,645,5.04,,,,,,,,
1152,1344,10.5,,,,,,,,
1184,514,4.02,,,,,,,,
1216,24,0.19,,,,,,,,
1248,25,0.2,,,,,,,,
1280,361,2.82,,,,,,,,
1312,1255,9.8,,,,,,,,
1344,818,6.39,,,,,,,,
1376,83,0.65,,,,,,,,
1408,7,0.05,,,,,,,,
1440,146,1.14,,,,,,,,
1472,1000,7.81,,,,,,,,
1504,1140,8.91,,,,,,,,
1536,223,1.74,,,,,,,,
1568,5,0.04,,,,,,,,
1600,74,0.58,,,,,,,,
1632,644,5.03,,,,,,,,
1664,1471,11.49,,,,,,,,
1696,518,4.05,,,,,,,,
1728,21,0.16,,,,,,,,
1760,17,0.13,,,,,,,,
1792,365,2.85,,,,,,,,
1824,1366,10.67,,,,,,,,
1856,890,6.95,,,,,,,,
1888,62,0.48,,,,,,,,
1920,6,0.05,,,,,,,,
1952,150,1.17,,,,,,,,
1984,1113,8.7,,,,,,,,
2016,1313,10.26,,,,,,,,
2048,228,1.78,,,,,,,,
2080,1,0.01,,,,,,,,
2112,79,0.62,,,,,,,,
2144,703,5.49,,,,,,,,
2176,1661,12.98,,,,,,,,
2208,534,4.17,,,,,,,,
2240,11,0.09,,,,,,,,
2272,14,0.11,,,,,,,,
2304,375,2.93,,,,,,,,
2336,1605,12.54,,,,,,,,
2368,1003,7.84,,,,,,,,
2400,81,0.63,,,,,,,,
2432,4,0.03,,,,,,,,
2464,148,1.16,,,,,,,,
2496,1198,9.36,,,,,,,,
2528,1474,11.52,,,,,,,,
2560,202,1.58,,,,,,,,
2592,1,0.01,,,,,,,,
2624,62,0.48,,,,,,,,
2656,817,6.38,,,,,,,,
2688,1764,13.78,,,,,,,,
2720,533,4.16,,,,,,,,
2752,7,0.05,,,,,,,,
2784,13,0.1,,,,,,,,
2816,405,3.16,,,,,,,,
2848,1696,13.25,,,,,,,,
2880,1045,8.16,,,,,,,,
2912,59,0.46,,,,,,,,
2944,4,0.03,,,,,,,,
2976,155,1.21,,,,,,,,
3008,1415,11.05,,,,,,,,
3040,1712,13.38,,,,,,,,
3072,207,1.62,,,,,,,,
3136,50,0.39,,,,,,,,
3168,886,6.92,,,,,,,,
3200,2097,16.38,,,,,,,,
3232,554,4.33,,,,,,,,
3264,8,0.06,,,,,,,,
3296,10,0.08,,,,,,,,
3328,463,3.62,,,,,,,,
3360,2058,16.08,,,,,,,,
3392,1177,9.2,,,,,,,,
3424,36,0.28,,,,,,,,
3488,166,1.3,,,,,,,,
3520,1619,12.65,,,,,,,,
3552,1987,15.52,,,,,,,,
3584,200,1.56,,,,,,,,
3616,1,0.01,,,,,,,,
3648,45,0.35,,,,,,,,
3680,1000,7.81,,,,,,,,
3712,2637,20.6,,,,,,,,
3744,586,4.58,,,,,,,,
3776,5,0.04,,,,,,,,
3808,8,0.06,,,,,,,,
3840,515,4.02,,,,,,,,
3872,2729,21.32,,,,,,,,
3904,1502,11.73,,,,,,,,
3936,44,0.34,,,,,,,,
4000,203,1.59,,,,,,,,
4032,2271,17.74,,,,,,,,
4064,2776,21.69,,,,,,,,
4096,246,1.92,,,,,,,,
4128,2,0.02,,,,,,,,
4160,60,0.47,,,,,,,,
4192,1561,12.2,,,,,,,,
4224,4056,31.69,,,,,,,,
4256,916,7.16,,,,,,,,
4288,7,0.05,,,,,,,,
4320,15,0.12,,,,,,,,
4352,737,5.76,,,,,,,,
4384,4696,36.69,,,,,,,,
4416,2595,20.27,,,,,,,,
4448,67,0.52,,,,,,,,
4480,1,0.01,,,,,,,,
4512,250,1.95,,,,,,,,
4544,4152,32.44,,,,,,,,
4576,5341,41.73,,,,,,,,
4608,393,3.07,,,,,,,,
4640,3,0.02,,,,,,,,
4672,47,0.37,,,,,,,,
4704,2525,19.73,,,,,,,,
4736,7848,61.31,,,,,,,,
4768,1615,12.62,,,,,,,,
4800,16,0.13,,,,,,,,
4832,13,0.1,,,,,,,,
4864,1077,8.41,,,,,,,,
4896,8315,64.96,,,,,,,,
4928,4265,33.32,,,,,,,,
4960,115,0.9,,,,,,,,
4992,2,0.02,,,,,,,,
5024,327,2.55,,,,,,,,
5056,6021,47.04,,,,,,,,
5088,8078,63.11,,,,,,,,
5120,611,4.77,,,,,,,,
5152,4,0.03,,,,,,,,
5184,51,0.4,,,,,,,,
5216,3017,23.57,,,,,,,,
5248,9921,77.51,,,,,,,,
5280,2005,15.66,,,,,,,,
5312,32,0.25,,,,,,,,
5344,1,0.01,,,,,,,,
5376,906,7.08,,,,,,,,
5408,8653,67.6,,,,,,,,
5440,4417,34.51,,,,,,,,
5472,191,1.49,,,,,,,,
5536,164,1.28,,,,,,,,
5568,4593,35.88,,,,,,,,
5600,6695,52.3,,,,,,,,
5632,566,4.42,,,,,,,,
5664,8,0.06,,,,,,,,
5696,12,0.09,,,,,,,,
5728,1543,12.05,,,,,,,,
5760,6271,48.99,,,,,,,,
5792,1284,10.03,,,,,,,,
5824,51,0.4,,,,,,,,
5856,1,0.01,,,,,,,,
5888,300,2.34,,,,,,,,
5920,3803,29.71,,,,,,,,
5952,2197,17.16,,,,,,,,
5984,136,1.06,,,,,,,,
6016,3,0.02,,,,,,,,
6048,21,0.16,,,,,,,,
6080,1468,11.47,,,,,,,,
6112,2360,18.44,,,,,,,,
6144,311,2.43,,,,,,,,
6176,16,0.13,,,,,,,,
6208,1,0.01,,,,,,,,
6240,335,2.62,,,,,,,,
6272,1482,11.58,,,,,,,,
6304,401,3.13,,,,,,,,
6336,39,0.3,,,,,,,,
6400,30,0.23,,,,,,,,
6432,613,4.79,,,,,,,,
6464,400,3.13,,,,,,,,
6496,52,0.41,,,,,,,,
6528,2,0.02,,,,,,,,
6560,1,0.01,,,,,,,,
6592,158,1.23,,,,,,,,
6624,284,2.22,,,,,,,,
6656,51,0.4,,,,,,,,
6688,8,0.06,,,,,,,,
6752,19,0.15,,,,,,,,
6784,119,0.93,,,,,,,,
6816,43,0.34,,,,,,,,
6848,9,0.07,,,,,,,,
6944,27,0.21,,,,,,,,
6976,18,0.14,,,,,,,,
7008,9,0.07,,,,,,,,
7104,1,0.01,,,,,,,,
7136,8,0.06,,,,,,,,
7168,6,0.05,,,,,,,,
7296,2,0.02,,,,,,,,